login,password,date
AudrieHunfredo,h3lsoa7l85,2024-05-17
ValedaRomelda,lqfp3ffarp,2024-06-29
BriannaGreyson,q0um96ssft,2024-07-16
TaffyMich,ealzv23cxr,2024-07-16
LorieWeinreb,rhj1h0bn9ui,2024-05-04
UrsulinaSprage,js5z630117,2024-06-25
BinnyKat,5keyay711jh,2024-06-17
WilmaBates,arn9do0tz1,2024-07-11
GratiaDielu,us95cc9xv6,2024-05-03
FideliaLunsford,r3pzfbpwo9,2024-06-27
WillettaPodvin,wrpkq8jqk5i,2024-07-02
ValedaRosalba,3a4k7n9kfp,2024-06-03
JaclynPapageno,mrnoegyhq9,2024-05-26
DeirdreAbernon,rdmwb6kna,2024-05-13
MarieleWoodberry,fs3mug0he9j,2024-06-21
LaureCressida,omq5hinpy6,2024-05-16
BrenaLalitta,mwmw6cqg1d,2024-07-01
PeriDawkins,dgjrqryesm,2024-05-17
RoxaneTillford,m3hwtpyds5,2024-06-03
MargaloAhab,nnvu1s8hvej,2024-06-13
JereGreyson,67uzyq0its,2024-07-19
KarlySerilda,2uziii8erw,2024-05-11
BarbaraNorrie,2d9vjsz6aak,2024-05-11
IleanaVastah,zwsaketuod,2024-05-30
RoselineMcGrody,kzoxo1ip7w,2024-06-06
FloReinke,0cx53yay32,2024-07-08
SeliaJohnsson,73sosn8agp,2024-05-19
LilaAloise,olgpdvlovr,2024-07-03
Kara-LynnGlovsky,h3tsgd34i4,2024-05-16
CarilynLeonard,ccphb6t6q4j,2024-06-10
KarinaO'Carroll,sr3sv942qo,2024-06-01
GiustinaCressida,nn5zmkwf3m,2024-07-07
ArabelNorvol,57swjyadie,2024-06-28
EttaOneida,xxpe0o2m72,2024-05-27
CelestynaErminia,ooyr75kxgg,2024-05-18
SherrieDecato,unhssjiwuz,2024-05-03
BabitaKrystle,bl276po0pq,2024-05-10
HenrietteKravits,m64c4egkhp,2024-06-06
CarylNerita,ue6g61l4ex,2024-06-16
ShirleeGamaliel,wce7rpqo3u,2024-05-02
IdaGiff,d0yj81rosi,2024-06-24
KettiRegan,xp7uvkros6,2024-05-22
SheelaghDanby,7e2ahxf1gq,2024-07-14
CherritaRad,0mwath9fp5,2024-06-08
KerrinMayeda,5qd70qnj3x,2024-06-01
BenitaEvangelia,c4uvra9k3l,2024-07-13
AiliAloise,h4aj1f3krl,2024-06-15
LeslyElvyn,xg4x7is35zh,2024-07-06
GrierTomasina,1sgaxu8b6r,2024-05-23
HyacintheSundin,ur0azx0utl,2024-06-08
DomingaEstella,jouylsuwhs,2024-07-19
LilaKlemperer,7jiqkvny7vi,2024-07-01
GwynethLeler,9rp5bouuof,2024-07-12
PetroniaWoodberry,cf1uoldtp3l,2024-06-25
LyneaOster,7kptjqx2jz,2024-05-04
MelisentHan,q0c8ib2zxg,2024-07-17
ArdeenThad,xo13y4erle,2024-06-08
GeorgettaZachary,jjjttmgy04,2024-06-03
ViviaIvens,7mnjs9y5zr,2024-07-05
SherrieModie,u9ypftkzef,2024-06-08
KamilahDom,zrqoc78ikb,2024-05-11
SybilleTerrence,ypwrtx1hhn,2024-05-07
LyndeCouture,yhpcgvm4w1,2024-07-14
RickyTomasina,bzw8moqaib,2024-05-14
GoldieEzar,ly8kl0roal,2024-06-13
AimilKristi,se2013gkeu,2024-05-10
KamilahFirmin,34fvpg09uyj,2024-07-18
BobbiIsraeli,l6ajoszx7h,2024-07-18
ValeraHylan,ukwc7g4be6,2024-05-30
NatkaSholley,28wf1jcjp1j,2024-05-13
DianemarieNicoline,yrhdwnzinn,2024-06-29
CarlyMunn,w1toyop9r4,2024-06-22
NelleSekofski,2rcfp2sjje,2024-06-20
JanennaMalanie,fekpuo1eg6l,2024-07-11
CristabelWaldron,hkrvydr5uvh,2024-06-11
PieretteCallista,41qv6y6hpn,2024-07-18
AlexLowry,eik4mel8uy,2024-05-27
CarmelaGirardo,m0bh6i9ai5,2024-07-10
JorryLaurianne,c8gvo0635n,2024-07-02
DoriceVittoria,y6axd6lvr1,2024-07-18
DioneErlandson,2tdgu8u0iii,2024-05-07
JessyHoltz,5t1g9fh56j,2024-07-02
BeeLove,tihmi11zb7,2024-05-31
TabbathaViddah,c36hr538ht,2024-06-17
EvaleenColp,2n4btajq78,2024-07-18
EdythFancie,gn39idj10v,2024-05-19
DoreneYate,1be1hzln38,2024-07-05
HallieAida,uh0eamox3w,2024-05-04
FrancesThar,8ia4q21ffeg,2024-07-01
MerleBivins,w6kf4w65nri,2024-07-09
DrucieBraun,hjgmt8g1g1,2024-06-14
EmmaYuille,evby6u5b6j,2024-07-16
XylinaSawtelle,uyznoeru7o,2024-05-09
LusaEvangelia,hnjl868hxp,2024-05-09
BarbaraToffic,1iwai7qo5o,2024-06-24
JessamynMagnolia,z2l1cl9tlf,2024-06-18
GertrudAdore,nga2ifg28m,2024-06-20
GabiLucienne,m4yohu1tou,2024-07-02
LacieBettine,iytl8sk62x,2024-05-13
MarinnaWestphal,l7pv75h3iol,2024-05-30
CamYuille,sgw4jhkbqs,2024-05-07
MegKinnard,ldbq4hi60t,2024-07-15
DevinaCottle,bag1wvgzwa,2024-06-19
DaphneAhab,ixhk0djh2v,2024-07-02
KajaAfton,iatjecsfvc,2024-06-03
BelvaTacye,nrxkitmf0i,2024-06-21
KatuschaBerl,6f8gfhyq3uk,2024-05-08
MaiseyLenny,88umkqxjnx,2024-07-17
ValeraStav,priyo3pg77h,2024-05-02
YettyAmand,5u4x5gn541k,2024-07-05
PhylisRead,ebcw0u3kom,2024-05-15
DorthyKlotz,y3n5x10e3h,2024-05-28
MillieValoniah,wflzg905q3,2024-06-14
AerielaMelan,sa4s9nxhpq,2024-05-22
NatkaBrenn,19zmlc9d73f,2024-06-30
NyssaDom,bikwf3diqs,2024-06-09
LatishaAndrel,uo8a4yp9ha,2024-06-16
KristinaJorgan,ewih86ngu4f,2024-07-12
OttilieYuille,gtjx42i5xm,2024-05-21
EstellWittie,007sbtbvcz,2024-07-16
AdaCaitlin,lx9st932n9,2024-05-16
EthelMerriott,zpo4eszfnrh,2024-07-06
ModestiaWenda,pwj99s7rk1i,2024-06-11
AudrieFrancyne,wrpacjnvcp,2024-05-02
AllyceLuhe,54mn5a8kir,2024-06-15
AnnecorinnePyle,a471m6h5p8g,2024-07-03
MaudHewitt,8s1z20j214,2024-05-05
AarenAnyah,8k7nfwd1ll,2024-06-22
ShellFelizio,3weya4onrv,2024-05-31
NicoliDelacourt,7doju0vx3c,2024-06-03
NollieBakerman,s8f382z0npj,2024-06-20
MalinaGenna,pd9br9vptx,2024-07-16
BasiaStefa,jcynh8a7fy,2024-07-09
LeiaNaashom,x9juzek4qe,2024-05-18
JeannaLuhe,ks04bczm7ti,2024-06-27
DodeLutero,r7owxtzonl,2024-05-15
AigneisEdmund,306nc97acr,2024-05-27
FelizaDermott,mz30yq8ln1g,2024-06-04
GwennethMcAdams,nbvc6ewmu2,2024-06-23
JenileeBirdella,l245r16hlp,2024-06-08
BettineScammon,anzaidzjpw,2024-07-11
MolliHeisel,jjxv27nstm,2024-06-17
ErmengardeEmerson,17euu6q87v,2024-06-22
NorineBlake,8u25upcd3o,2024-06-12
PhilisVastah,famq5w2vbo,2024-07-14
HildegaardO'Rourke,d2olrz63md,2024-05-20
BernieEthban,650iv5tmksh,2024-06-01
UrsulinaMerna,074u7jd08o,2024-05-22
HaletteLeffen,wiz03ec4d6,2024-05-14
WendiThunell,ke24zdquqh,2024-06-17
KellenKazimir,mykr3782sa,2024-06-17
MarlineKathie,qvj27wljt7,2024-05-02
NinnettaPapageno,1pg5qmm7qj,2024-05-15
MerrieSchroth,addci14b49i,2024-05-16
EadieDorothy,mqfqi46sz,2024-05-19
SonniNorrie,mqxgecd5t7,2024-06-23
MadeleineTybald,1xmq0wjh1kj,2024-07-09
WynneEstella,4dacthvyq4,2024-07-09
DonettaRevkah,x1yuoc46yg,2024-06-07
DulceEhrman,01rkhrsc84,2024-07-06
JacquettaCohdwell,bcnizcv0cx,2024-05-27
NorineRadu,evl7r8nq4zf,2024-07-15
AntoniettaWarthman,dth5sxgqb6,2024-06-26
BabitaSantoro,jr5t8y2gqm,2024-07-01
CacilieGemini,9xalrt6uabj,2024-06-18
BritniBach,e5phzkyr16,2024-07-08
BeatrizAlfons,76jx25x8kih,2024-06-16
NananneBerriman,w41welzgqrl,2024-05-13
FriedaLevey,6pijqb16kt,2024-05-11
LucyAlfons,ppyt9xbl8k,2024-05-31
MegMunn,bygy8epws9,2024-07-19
MoynaBigner,v1zu8nrcn1,2024-07-13
ShellKosey,kbwp81c6vt,2024-07-11
BibbyGibbeon,u4a49w9ru7,2024-05-25
KirstinCorrine,px3uqzj98c,2024-06-13
DaniaKonyn,xfd8w7mzsn,2024-05-07
BriannaAlva,2w5mj4i298,2024-06-08
AubrieSwigart,3cw5edm00h,2024-06-18
ClaryYuille,2saga7at5kg,2024-06-10
GwynethKirbee,m97w5u3ha4,2024-07-10
FanchonUund,tns4bwg6we,2024-06-20
ZondraCordi,fv94jmn45h,2024-07-10
GustyOchs,n5pqdn0gu8,2024-06-12
EboneeAllys,kyi108k6t5,2024-05-19
GwennethWarthman,s7ri70hgui,2024-05-12
TeriannIsidore,s8fs0boeex,2024-07-18
SashenkaFulmer,vpq9gqr7xc,2024-06-01
VinitaAckerley,g47zcy0pty,2024-05-29
JanTengdin,c0u2jyqqvc,2024-07-18
SilvanaPoll,59r4jmq26a,2024-06-08
RoxaneBarbey,twdl9tolkth,2024-05-23
KamilahRoarke,sftevb2oy4,2024-06-20
DomingaMadaih,eja11m5rlll,2024-05-17
AnnoraTrace,snrd0d4w0q,2024-06-03
ArdysYam,iyfjm733vm,2024-05-07
SallieDosia,vrvue9v7utg,2024-05-09
ShereeO'Carroll,w1xvlyvrnw,2024-05-09
FideliaAder,t6h672g34y,2024-06-21
CarmencitaMike,4i8js6avyrg,2024-06-23
CamileMorgun,456frpg3t1,2024-05-18
TamqrahKat,mie5k1kx3u,2024-05-18
IngridWind,2fm6a0y35rf,2024-07-10
TamiKunin,coktpxkkzj,2024-06-09
DennieStelle,6frsxjzq4j,2024-05-24
CorinaMott,mc297pcjr9f,2024-05-16
BrooksCosenza,p6sikhkhuz,2024-07-14
RhodaCecile,8dcujsqa2l,2024-05-16
JulietaDuwalt,8vmvqu0d6j,2024-07-11
DannyLeopold,ucom807n4uk,2024-05-24
MarniaBearnard,1tjw7c9jgu,2024-07-15
AllisUund,1yzkci6dqz,2024-05-03
KristinaScammon,ufe636pg46,2024-06-16
ErmengardeHepsibah,wydxjp9wrh,2024-05-28
ImojeanEmmaline,nmft7v74jw,2024-06-02
LoryFontana,8wcghzbyplk,2024-05-31
FelizaBahr,c2u6690y3i,2024-06-14
CarlyKnowling,ry2wx4etgh,2024-06-30
SelmaPersse,d6n2v92yji,2024-06-29
HeddieKamaria,mhltm032uo,2024-05-05
EmmaFiann,9z1u500ban,2024-06-16
BlinniWind,nt0u766glzh,2024-05-07
MelodieLalitta,96y1vastkh,2024-05-30
AmaraSadowski,un2i84455u,2024-05-18
AurelieSherrie,pn640a8rqbj,2024-06-14
AlieMcGrody,ir93r26yh5,2024-06-27
CristabelDorothy,mb16uhgss5,2024-07-18
DedeDonoghue,8jvjrexxpt,2024-06-21
WinifredHieronymus,z0drgo2ax9,2024-05-16
XylinaNicoline,6icgol22nt,2024-05-14
MarjieUrania,nos0p6bbpd,2024-06-19
KatleenBandeen,z7mwmiwd09,2024-06-11
DaciaSocha,vfk5kznlpbi,2024-06-28
LeannaHermes,9wk49cd6vi,2024-06-08
GeriannaKeelia,349ye2nsd4,2024-07-03
FeliceSasnett,mvdkka1fy6,2024-06-09
DarciObed,o4iw46ivig,2024-06-30
KarlySigfrid,n4krd6p2e8,2024-07-18
NettyDocilla,2z18bmui1,2024-06-09
LindieGahl,ybwjieg3el,2024-06-01
EmyleeNatica,2lf2kbzw8il,2024-06-25
AimilBennie,zf8vw63at1,2024-07-03
CeleneKaja,nixy88bo49g,2024-07-18
LynneaSadowski,jqk6fohi5l,2024-06-25
FannyRamona,ysdm9s9lvf,2024-05-08
ShaineEzar,63vf2osd5t,2024-05-01
EmelinaOlnee,z10z1b87pd,2024-06-11
LennaEdmund,udf43utw9a,2024-06-14
GabrielliaLacombe,xszvqla8vt,2024-05-31
MayeGeffner,mxj0ivb63l,2024-07-08
ChristianDichy,j99zuaqkk1k,2024-07-19
CodieShields,2xmundne8rk,2024-07-20
SherrieDom,37uanei18af,2024-06-25
NitaUird,jxp29j5wqh,2024-06-03
JillayneToni,9p4eud5j1uj,2024-05-17
GratiaSchenck,b6xczks9t5,2024-06-11
IleanaGoth,u4485yu2pp,2024-07-14
HenrietteVary,df9hexjqbs,2024-06-29
TeraRoscoe,q1rb1jhvva,2024-05-04
CoralTannie,nd84s8wqhh,2024-07-17
KellenVerger,v5mrsu76q5f,2024-05-23
KateMarijo,v63arsuxpy,2024-06-21
OdessaBrunell,e54kilt7pm,2024-07-03
LulitaHelfand,l904ofdyeh,2024-06-29
Sara-AnnCristi,fhublzdsmsj,2024-06-20
MillieShields,t6m0f7sjm5,2024-06-11
ConstanceZaslow,l0jqt1ffoxj,2024-07-08
ShandieMillda,oxsl91hs4ri,2024-06-14
PaolaKronfeld,cj9jqw7why,2024-05-23
TinaLeffen,j2fiwo2hqr,2024-06-28
MarieleBrotherson,eutu18cxco,2024-05-02
RoriKirbee,kyw41wghpq,2024-05-06
GlendaDosia,1kr18zayguf,2024-05-16
VioletEsmaria,nozes3li8f,2024-05-12
MarcyDonell,72fobqlre2g,2024-05-01
PeriHylan,xm2piba7i6,2024-05-08
GusellaOlin,xmc19vdw82,2024-05-12
GeorginaHelve,z4nf5q8h1c,2024-06-08
FernandeHoban,7ggyyaklzmh,2024-07-01
QueenieGraig,ux5k2q4k2c,2024-05-20
MarieleParsaye,97tr6i1gq9,2024-05-24
ChristyEarlie,135ilt8zqw,2024-06-18
AsiaGordon,dyl906f1b,2024-07-18
CherePascia,xy084n8gzej,2024-05-18
LucyRoche,5hccaspyrx,2024-07-09
CorreyBerard,buw18q2xmal,2024-06-19
TeddieSi,gk3r2x60bx,2024-05-09
TatianiaShanley,u6nwuurvhg,2024-05-20
HettieKeelia,8x9xlx3ceb,2024-05-24
KennaFrancene,z277jap6mw,2024-05-08
BritteMelony,1zyv0a762x,2024-06-20
VioletBrenn,frtsw37v1y,2024-05-03
SueHunfredo,h3c3ktm3xp,2024-06-12
SueDoig,q81jupsqfg,2024-05-07
DanikaBarrus,n82ubz5y8g,2024-06-29
MaudHaldas,axqfqol25u,2024-05-12
LivvyyPlato,5onb1yt8e5h,2024-05-01
EvaleenStevy,vw1ovpn87k,2024-06-10
BarbaraAlva,thwb7glv9wg,2024-07-07
LinzyDosia,ttxom29ws8,2024-06-17
KasseyPeonir,2dy353yehoj,2024-05-12