login,email
AudrieHunfredo,AudrieHunfredo@mail.ru
ValedaRomelda,ValedaRomelda@mail.ru
BriannaGreyson,BriannaGreyson@mail.ru
TaffyMich,TaffyMich@mail.ru
LorieWeinreb,LorieWeinreb@mail.ru
UrsulinaSprage,UrsulinaSprage@mail.ru
BinnyKat,BinnyKat@mail.ru
WilmaBates,WilmaBates@mail.ru
GratiaDielu,GratiaDielu@mail.ru
FideliaLunsford,FideliaLunsford@mail.ru
WillettaPodvin,WillettaPodvin@mail.ru
ValedaRosalba,ValedaRosalba@mail.ru
JaclynPapageno,JaclynPapageno@mail.ru
DeirdreAbernon,DeirdreAbernon@mail.ru
MarieleWoodberry,MarieleWoodberry@mail.ru
LaureCressida,LaureCressida@mail.ru
BrenaLalitta,BrenaLalitta@mail.ru
PeriDawkins,PeriDawkins@mail.ru
RoxaneTillford,RoxaneTillford@mail.ru
MargaloAhab,MargaloAhab@mail.ru
JereGreyson,JereGreyson@mail.ru
KarlySerilda,KarlySerilda@mail.ru
BarbaraNorrie,BarbaraNorrie@mail.ru
IleanaVastah,IleanaVastah@mail.ru
RoselineMcGrody,RoselineMcGrody@mail.ru
FloReinke,FloReinke@mail.ru
SeliaJohnsson,SeliaJohnsson@mail.ru
LilaAloise,LilaAloise@mail.ru
Kara-LynnGlovsky,Kara-LynnGlovsky@mail.ru
CarilynLeonard,CarilynLeonard@mail.ru
KarinaO'Carroll,KarinaO'Carroll@mail.ru
GiustinaCressida,GiustinaCressida@mail.ru
ArabelNorvol,ArabelNorvol@mail.ru
EttaOneida,EttaOneida@mail.ru
CelestynaErminia,CelestynaErminia@mail.ru
SherrieDecato,SherrieDecato@mail.ru
BabitaKrystle,BabitaKrystle@mail.ru
HenrietteKravits,HenrietteKravits@mail.ru
CarylNerita,CarylNerita@mail.ru
ShirleeGamaliel,ShirleeGamaliel@mail.ru
IdaGiff,IdaGiff@mail.ru
KettiRegan,KettiRegan@mail.ru
SheelaghDanby,SheelaghDanby@mail.ru
CherritaRad,CherritaRad@mail.ru
KerrinMayeda,KerrinMayeda@mail.ru
BenitaEvangelia,BenitaEvangelia@mail.ru
AiliAloise,AiliAloise@mail.ru
LeslyElvyn,LeslyElvyn@mail.ru
GrierTomasina,GrierTomasina@mail.ru
HyacintheSundin,HyacintheSundin@mail.ru
DomingaEstella,DomingaEstella@mail.ru
LilaKlemperer,LilaKlemperer@mail.ru
GwynethLeler,GwynethLeler@mail.ru
PetroniaWoodberry,PetroniaWoodberry@mail.ru
LyneaOster,LyneaOster@mail.ru
MelisentHan,MelisentHan@mail.ru
ArdeenThad,ArdeenThad@mail.ru
GeorgettaZachary,GeorgettaZachary@mail.ru
ViviaIvens,ViviaIvens@mail.ru
SherrieModie,SherrieModie@mail.ru
KamilahDom,KamilahDom@mail.ru
SybilleTerrence,SybilleTerrence@mail.ru
LyndeCouture,LyndeCouture@mail.ru
RickyTomasina,RickyTomasina@mail.ru
GoldieEzar,GoldieEzar@mail.ru
AimilKristi,AimilKristi@mail.ru
KamilahFirmin,KamilahFirmin@mail.ru
BobbiIsraeli,BobbiIsraeli@mail.ru
ValeraHylan,ValeraHylan@mail.ru
NatkaSholley,NatkaSholley@mail.ru
DianemarieNicoline,DianemarieNicoline@mail.ru
CarlyMunn,CarlyMunn@mail.ru
NelleSekofski,NelleSekofski@mail.ru
JanennaMalanie,JanennaMalanie@mail.ru
CristabelWaldron,CristabelWaldron@mail.ru
PieretteCallista,PieretteCallista@mail.ru
AlexLowry,AlexLowry@mail.ru
CarmelaGirardo,CarmelaGirardo@mail.ru
JorryLaurianne,JorryLaurianne@mail.ru
DoriceVittoria,DoriceVittoria@mail.ru
DioneErlandson,DioneErlandson@mail.ru
JessyHoltz,JessyHoltz@mail.ru
BeeLove,BeeLove@mail.ru
TabbathaViddah,TabbathaViddah@mail.ru
EvaleenColp,EvaleenColp@mail.ru
EdythFancie,EdythFancie@mail.ru
DoreneYate,DoreneYate@mail.ru
HallieAida,HallieAida@mail.ru
FrancesThar,FrancesThar@mail.ru
MerleBivins,MerleBivins@mail.ru
DrucieBraun,DrucieBraun@mail.ru
EmmaYuille,EmmaYuille@mail.ru
XylinaSawtelle,XylinaSawtelle@mail.ru
LusaEvangelia,LusaEvangelia@mail.ru
BarbaraToffic,BarbaraToffic@mail.ru
JessamynMagnolia,JessamynMagnolia@mail.ru
GertrudAdore,GertrudAdore@mail.ru
GabiLucienne,GabiLucienne@mail.ru
LacieBettine,LacieBettine@mail.ru
MarinnaWestphal,MarinnaWestphal@mail.ru
CamYuille,CamYuille@mail.ru
MegKinnard,MegKinnard@mail.ru
DevinaCottle,DevinaCottle@mail.ru
DaphneAhab,DaphneAhab@mail.ru
KajaAfton,KajaAfton@mail.ru
BelvaTacye,BelvaTacye@mail.ru
KatuschaBerl,KatuschaBerl@mail.ru
MaiseyLenny,MaiseyLenny@mail.ru
ValeraStav,ValeraStav@mail.ru
YettyAmand,YettyAmand@mail.ru
PhylisRead,PhylisRead@mail.ru
DorthyKlotz,DorthyKlotz@mail.ru
MillieValoniah,MillieValoniah@mail.ru
AerielaMelan,AerielaMelan@mail.ru
NatkaBrenn,NatkaBrenn@mail.ru
NyssaDom,NyssaDom@mail.ru
LatishaAndrel,LatishaAndrel@mail.ru
KristinaJorgan,KristinaJorgan@mail.ru
OttilieYuille,OttilieYuille@mail.ru
EstellWittie,EstellWittie@mail.ru
AdaCaitlin,AdaCaitlin@mail.ru
EthelMerriott,EthelMerriott@mail.ru
ModestiaWenda,ModestiaWenda@mail.ru
AudrieFrancyne,AudrieFrancyne@mail.ru
AllyceLuhe,AllyceLuhe@mail.ru
AnnecorinnePyle,AnnecorinnePyle@mail.ru
MaudHewitt,MaudHewitt@mail.ru
AarenAnyah,AarenAnyah@mail.ru
ShellFelizio,ShellFelizio@mail.ru
NicoliDelacourt,NicoliDelacourt@mail.ru
NollieBakerman,NollieBakerman@mail.ru
MalinaGenna,MalinaGenna@mail.ru
BasiaStefa,BasiaStefa@mail.ru
LeiaNaashom,LeiaNaashom@mail.ru
JeannaLuhe,JeannaLuhe@mail.ru
DodeLutero,DodeLutero@mail.ru
AigneisEdmund,AigneisEdmund@mail.ru
FelizaDermott,FelizaDermott@mail.ru
GwennethMcAdams,GwennethMcAdams@mail.ru
JenileeBirdella,JenileeBirdella@mail.ru
BettineScammon,BettineScammon@mail.ru
MolliHeisel,MolliHeisel@mail.ru
ErmengardeEmerson,ErmengardeEmerson@mail.ru
NorineBlake,NorineBlake@mail.ru
PhilisVastah,PhilisVastah@mail.ru
HildegaardO'Rourke,HildegaardO'Rourke@mail.ru
BernieEthban,BernieEthban@mail.ru
UrsulinaMerna,UrsulinaMerna@mail.ru
HaletteLeffen,HaletteLeffen@mail.ru
WendiThunell,WendiThunell@mail.ru
KellenKazimir,KellenKazimir@mail.ru
MarlineKathie,MarlineKathie@mail.ru
NinnettaPapageno,NinnettaPapageno@mail.ru
MerrieSchroth,MerrieSchroth@mail.ru
EadieDorothy,EadieDorothy@mail.ru
SonniNorrie,SonniNorrie@mail.ru
MadeleineTybald,MadeleineTybald@mail.ru
WynneEstella,WynneEstella@mail.ru
DonettaRevkah,DonettaRevkah@mail.ru
DulceEhrman,DulceEhrman@mail.ru
JacquettaCohdwell,JacquettaCohdwell@mail.ru
NorineRadu,NorineRadu@mail.ru
AntoniettaWarthman,AntoniettaWarthman@mail.ru
BabitaSantoro,BabitaSantoro@mail.ru
CacilieGemini,CacilieGemini@mail.ru
BritniBach,BritniBach@mail.ru
BeatrizAlfons,BeatrizAlfons@mail.ru
NananneBerriman,NananneBerriman@mail.ru
FriedaLevey,FriedaLevey@mail.ru
LucyAlfons,LucyAlfons@mail.ru
MegMunn,MegMunn@mail.ru
MoynaBigner,MoynaBigner@mail.ru
ShellKosey,ShellKosey@mail.ru
BibbyGibbeon,BibbyGibbeon@mail.ru
KirstinCorrine,KirstinCorrine@mail.ru
DaniaKonyn,DaniaKonyn@mail.ru
BriannaAlva,BriannaAlva@mail.ru
AubrieSwigart,AubrieSwigart@mail.ru
ClaryYuille,ClaryYuille@mail.ru
GwynethKirbee,GwynethKirbee@mail.ru
FanchonUund,FanchonUund@mail.ru
ZondraCordi,ZondraCordi@mail.ru
GustyOchs,GustyOchs@mail.ru
EboneeAllys,EboneeAllys@mail.ru
GwennethWarthman,GwennethWarthman@mail.ru
TeriannIsidore,TeriannIsidore@mail.ru
SashenkaFulmer,SashenkaFulmer@mail.ru
VinitaAckerley,VinitaAckerley@mail.ru
JanTengdin,JanTengdin@mail.ru
SilvanaPoll,SilvanaPoll@mail.ru
RoxaneBarbey,RoxaneBarbey@mail.ru
KamilahRoarke,KamilahRoarke@mail.ru
DomingaMadaih,DomingaMadaih@mail.ru
AnnoraTrace,AnnoraTrace@mail.ru
ArdysYam,ArdysYam@mail.ru
SallieDosia,SallieDosia@mail.ru
ShereeO'Carroll,ShereeO'Carroll@mail.ru
FideliaAder,FideliaAder@mail.ru
CarmencitaMike,CarmencitaMike@mail.ru
CamileMorgun,CamileMorgun@mail.ru
TamqrahKat,TamqrahKat@mail.ru
IngridWind,IngridWind@mail.ru
TamiKunin,TamiKunin@mail.ru
DennieStelle,DennieStelle@mail.ru
CorinaMott,CorinaMott@mail.ru
BrooksCosenza,BrooksCosenza@mail.ru
RhodaCecile,RhodaCecile@mail.ru
JulietaDuwalt,JulietaDuwalt@mail.ru
DannyLeopold,DannyLeopold@mail.ru
MarniaBearnard,MarniaBearnard@mail.ru
AllisUund,AllisUund@mail.ru
KristinaScammon,KristinaScammon@mail.ru
ErmengardeHepsibah,ErmengardeHepsibah@mail.ru
ImojeanEmmaline,ImojeanEmmaline@mail.ru
LoryFontana,LoryFontana@mail.ru
FelizaBahr,FelizaBahr@mail.ru
CarlyKnowling,CarlyKnowling@mail.ru
SelmaPersse,SelmaPersse@mail.ru
HeddieKamaria,HeddieKamaria@mail.ru
EmmaFiann,EmmaFiann@mail.ru
BlinniWind,BlinniWind@mail.ru
MelodieLalitta,MelodieLalitta@mail.ru
AmaraSadowski,AmaraSadowski@mail.ru
AurelieSherrie,AurelieSherrie@mail.ru
AlieMcGrody,AlieMcGrody@mail.ru
CristabelDorothy,CristabelDorothy@mail.ru
DedeDonoghue,DedeDonoghue@mail.ru
WinifredHieronymus,WinifredHieronymus@mail.ru
XylinaNicoline,XylinaNicoline@mail.ru
MarjieUrania,MarjieUrania@mail.ru
KatleenBandeen,KatleenBandeen@mail.ru
DaciaSocha,DaciaSocha@mail.ru
LeannaHermes,LeannaHermes@mail.ru
GeriannaKeelia,GeriannaKeelia@mail.ru
FeliceSasnett,FeliceSasnett@mail.ru
DarciObed,DarciObed@mail.ru
KarlySigfrid,KarlySigfrid@mail.ru
NettyDocilla,NettyDocilla@mail.ru
LindieGahl,LindieGahl@mail.ru
EmyleeNatica,EmyleeNatica@mail.ru
AimilBennie,AimilBennie@mail.ru
CeleneKaja,CeleneKaja@mail.ru
LynneaSadowski,LynneaSadowski@mail.ru
FannyRamona,FannyRamona@mail.ru
ShaineEzar,ShaineEzar@mail.ru
EmelinaOlnee,EmelinaOlnee@mail.ru
LennaEdmund,LennaEdmund@mail.ru
GabrielliaLacombe,GabrielliaLacombe@mail.ru
MayeGeffner,MayeGeffner@mail.ru
ChristianDichy,ChristianDichy@mail.ru
CodieShields,CodieShields@mail.ru
SherrieDom,SherrieDom@mail.ru
NitaUird,NitaUird@mail.ru
JillayneToni,JillayneToni@mail.ru
GratiaSchenck,GratiaSchenck@mail.ru
IleanaGoth,IleanaGoth@mail.ru
HenrietteVary,HenrietteVary@mail.ru
TeraRoscoe,TeraRoscoe@mail.ru
CoralTannie,CoralTannie@mail.ru
KellenVerger,KellenVerger@mail.ru
KateMarijo,KateMarijo@mail.ru
OdessaBrunell,OdessaBrunell@mail.ru
LulitaHelfand,LulitaHelfand@mail.ru
Sara-AnnCristi,Sara-AnnCristi@mail.ru
MillieShields,MillieShields@mail.ru
ConstanceZaslow,ConstanceZaslow@mail.ru
ShandieMillda,ShandieMillda@mail.ru
PaolaKronfeld,PaolaKronfeld@mail.ru
TinaLeffen,TinaLeffen@mail.ru
MarieleBrotherson,MarieleBrotherson@mail.ru
RoriKirbee,RoriKirbee@mail.ru
GlendaDosia,GlendaDosia@mail.ru
VioletEsmaria,VioletEsmaria@mail.ru
MarcyDonell,MarcyDonell@mail.ru
PeriHylan,PeriHylan@mail.ru
GusellaOlin,GusellaOlin@mail.ru
GeorginaHelve,GeorginaHelve@mail.ru
FernandeHoban,FernandeHoban@mail.ru
QueenieGraig,QueenieGraig@mail.ru
MarieleParsaye,MarieleParsaye@mail.ru
ChristyEarlie,ChristyEarlie@mail.ru
AsiaGordon,AsiaGordon@mail.ru
CherePascia,CherePascia@mail.ru
LucyRoche,LucyRoche@mail.ru
CorreyBerard,CorreyBerard@mail.ru
TeddieSi,TeddieSi@mail.ru
TatianiaShanley,TatianiaShanley@mail.ru
HettieKeelia,HettieKeelia@mail.ru
KennaFrancene,KennaFrancene@mail.ru
BritteMelony,BritteMelony@mail.ru
VioletBrenn,VioletBrenn@mail.ru
SueHunfredo,SueHunfredo@mail.ru
SueDoig,SueDoig@mail.ru
DanikaBarrus,DanikaBarrus@mail.ru
MaudHaldas,MaudHaldas@mail.ru
LivvyyPlato,LivvyyPlato@mail.ru
EvaleenStevy,EvaleenStevy@mail.ru
BarbaraAlva,BarbaraAlva@mail.ru
LinzyDosia,LinzyDosia@mail.ru
KasseyPeonir,KasseyPeonir@mail.ru