first_name,last_name,login,password,date,email
Audrie,Hunfredo,AudrieHunfredo,h3lsoa7l85,2024-05-17,AudrieHunfredo@mail.ru
Valeda,Romelda,ValedaRomelda,lqfp3ffarp,2024-06-29,ValedaRomelda@mail.ru
Brianna,Greyson,BriannaGreyson,q0um96ssft,2024-07-16,BriannaGreyson@mail.ru
Taffy,Mich,TaffyMich,ealzv23cxr,2024-07-16,TaffyMich@mail.ru
Lorie,Weinreb,LorieWeinreb,rhj1h0bn9ui,2024-05-04,LorieWeinreb@mail.ru
Ursulina,Sprage,UrsulinaSprage,js5z630117,2024-06-25,UrsulinaSprage@mail.ru
Binny,Kat,BinnyKat,5keyay711jh,2024-06-17,BinnyKat@mail.ru
Wilma,Bates,WilmaBates,arn9do0tz1,2024-07-11,WilmaBates@mail.ru
Gratia,Dielu,GratiaDielu,us95cc9xv6,2024-05-03,GratiaDielu@mail.ru
Fidelia,Lunsford,FideliaLunsford,r3pzfbpwo9,2024-06-27,FideliaLunsford@mail.ru
Willetta,Podvin,WillettaPodvin,wrpkq8jqk5i,2024-07-02,WillettaPodvin@mail.ru
Valeda,Rosalba,ValedaRosalba,3a4k7n9kfp,2024-06-03,ValedaRosalba@mail.ru
Jaclyn,Papageno,JaclynPapageno,mrnoegyhq9,2024-05-26,JaclynPapageno@mail.ru
Deirdre,Abernon,DeirdreAbernon,rdmwb6kna,2024-05-13,DeirdreAbernon@mail.ru
Mariele,Woodberry,MarieleWoodberry,fs3mug0he9j,2024-06-21,MarieleWoodberry@mail.ru
Laure,Cressida,LaureCressida,omq5hinpy6,2024-05-16,LaureCressida@mail.ru
Brena,Lalitta,BrenaLalitta,mwmw6cqg1d,2024-07-01,BrenaLalitta@mail.ru
Peri,Dawkins,PeriDawkins,dgjrqryesm,2024-05-17,PeriDawkins@mail.ru
Roxane,Tillford,RoxaneTillford,m3hwtpyds5,2024-06-03,RoxaneTillford@mail.ru
Margalo,Ahab,MargaloAhab,nnvu1s8hvej,2024-06-13,MargaloAhab@mail.ru
Jere,Greyson,JereGreyson,67uzyq0its,2024-07-19,JereGreyson@mail.ru
Karly,Serilda,KarlySerilda,2uziii8erw,2024-05-11,KarlySerilda@mail.ru
Barbara,Norrie,BarbaraNorrie,2d9vjsz6aak,2024-05-11,BarbaraNorrie@mail.ru
Ileana,Vastah,IleanaVastah,zwsaketuod,2024-05-30,IleanaVastah@mail.ru
Roseline,McGrody,RoselineMcGrody,kzoxo1ip7w,2024-06-06,RoselineMcGrody@mail.ru
Flo,Reinke,FloReinke,0cx53yay32,2024-07-08,FloReinke@mail.ru
Selia,Johnsson,SeliaJohnsson,73sosn8agp,2024-05-19,SeliaJohnsson@mail.ru
Lila,Aloise,LilaAloise,olgpdvlovr,2024-07-03,LilaAloise@mail.ru
Kara-Lynn,Glovsky,Kara-LynnGlovsky,h3tsgd34i4,2024-05-16,Kara-LynnGlovsky@mail.ru
Carilyn,Leonard,CarilynLeonard,ccphb6t6q4j,2024-06-10,CarilynLeonard@mail.ru
Karina,O'Carroll,KarinaO'Carroll,sr3sv942qo,2024-06-01,KarinaO'Carroll@mail.ru
Giustina,Cressida,GiustinaCressida,nn5zmkwf3m,2024-07-07,GiustinaCressida@mail.ru
Arabel,Norvol,ArabelNorvol,57swjyadie,2024-06-28,ArabelNorvol@mail.ru
Etta,Oneida,EttaOneida,xxpe0o2m72,2024-05-27,EttaOneida@mail.ru
Celestyna,Erminia,CelestynaErminia,ooyr75kxgg,2024-05-18,CelestynaErminia@mail.ru
Sherrie,Decato,SherrieDecato,unhssjiwuz,2024-05-03,SherrieDecato@mail.ru
Babita,Krystle,BabitaKrystle,bl276po0pq,2024-05-10,BabitaKrystle@mail.ru
Henriette,Kravits,HenrietteKravits,m64c4egkhp,2024-06-06,HenrietteKravits@mail.ru
Caryl,Nerita,CarylNerita,ue6g61l4ex,2024-06-16,CarylNerita@mail.ru
Shirlee,Gamaliel,ShirleeGamaliel,wce7rpqo3u,2024-05-02,ShirleeGamaliel@mail.ru
Ida,Giff,IdaGiff,d0yj81rosi,2024-06-24,IdaGiff@mail.ru
Ketti,Regan,KettiRegan,xp7uvkros6,2024-05-22,KettiRegan@mail.ru
Sheelagh,Danby,SheelaghDanby,7e2ahxf1gq,2024-07-14,SheelaghDanby@mail.ru
Cherrita,Rad,CherritaRad,0mwath9fp5,2024-06-08,CherritaRad@mail.ru
Kerrin,Mayeda,KerrinMayeda,5qd70qnj3x,2024-06-01,KerrinMayeda@mail.ru
Benita,Evangelia,BenitaEvangelia,c4uvra9k3l,2024-07-13,BenitaEvangelia@mail.ru
Aili,Aloise,AiliAloise,h4aj1f3krl,2024-06-15,AiliAloise@mail.ru
Lesly,Elvyn,LeslyElvyn,xg4x7is35zh,2024-07-06,LeslyElvyn@mail.ru
Grier,Tomasina,GrierTomasina,1sgaxu8b6r,2024-05-23,GrierTomasina@mail.ru
Hyacinthe,Sundin,HyacintheSundin,ur0azx0utl,2024-06-08,HyacintheSundin@mail.ru
Dominga,Estella,DomingaEstella,jouylsuwhs,2024-07-19,DomingaEstella@mail.ru
Lila,Klemperer,LilaKlemperer,7jiqkvny7vi,2024-07-01,LilaKlemperer@mail.ru
Gwyneth,Leler,GwynethLeler,9rp5bouuof,2024-07-12,GwynethLeler@mail.ru
Petronia,Woodberry,PetroniaWoodberry,cf1uoldtp3l,2024-06-25,PetroniaWoodberry@mail.ru
Lynea,Oster,LyneaOster,7kptjqx2jz,2024-05-04,LyneaOster@mail.ru
Melisent,Han,MelisentHan,q0c8ib2zxg,2024-07-17,MelisentHan@mail.ru
Ardeen,Thad,ArdeenThad,xo13y4erle,2024-06-08,ArdeenThad@mail.ru
Georgetta,Zachary,GeorgettaZachary,jjjttmgy04,2024-06-03,GeorgettaZachary@mail.ru
Vivia,Ivens,ViviaIvens,7mnjs9y5zr,2024-07-05,ViviaIvens@mail.ru
Sherrie,Modie,SherrieModie,u9ypftkzef,2024-06-08,SherrieModie@mail.ru
Kamilah,Dom,KamilahDom,zrqoc78ikb,2024-05-11,KamilahDom@mail.ru
Sybille,Terrence,SybilleTerrence,ypwrtx1hhn,2024-05-07,SybilleTerrence@mail.ru
Lynde,Couture,LyndeCouture,yhpcgvm4w1,2024-07-14,LyndeCouture@mail.ru
Ricky,Tomasina,RickyTomasina,bzw8moqaib,2024-05-14,RickyTomasina@mail.ru
Goldie,Ezar,GoldieEzar,ly8kl0roal,2024-06-13,GoldieEzar@mail.ru
Aimil,Kristi,AimilKristi,se2013gkeu,2024-05-10,AimilKristi@mail.ru
Kamilah,Firmin,KamilahFirmin,34fvpg09uyj,2024-07-18,KamilahFirmin@mail.ru
Bobbi,Israeli,BobbiIsraeli,l6ajoszx7h,2024-07-18,BobbiIsraeli@mail.ru
Valera,Hylan,ValeraHylan,ukwc7g4be6,2024-05-30,ValeraHylan@mail.ru
Natka,Sholley,NatkaSholley,28wf1jcjp1j,2024-05-13,NatkaSholley@mail.ru
Dianemarie,Nicoline,DianemarieNicoline,yrhdwnzinn,2024-06-29,DianemarieNicoline@mail.ru
Carly,Munn,CarlyMunn,w1toyop9r4,2024-06-22,CarlyMunn@mail.ru
Nelle,Sekofski,NelleSekofski,2rcfp2sjje,2024-06-20,NelleSekofski@mail.ru
Janenna,Malanie,JanennaMalanie,fekpuo1eg6l,2024-07-11,JanennaMalanie@mail.ru
Cristabel,Waldron,CristabelWaldron,hkrvydr5uvh,2024-06-11,CristabelWaldron@mail.ru
Pierette,Callista,PieretteCallista,41qv6y6hpn,2024-07-18,PieretteCallista@mail.ru
Alex,Lowry,AlexLowry,eik4mel8uy,2024-05-27,AlexLowry@mail.ru
Carmela,Girardo,CarmelaGirardo,m0bh6i9ai5,2024-07-10,CarmelaGirardo@mail.ru
Jorry,Laurianne,JorryLaurianne,c8gvo0635n,2024-07-02,JorryLaurianne@mail.ru
Dorice,Vittoria,DoriceVittoria,y6axd6lvr1,2024-07-18,DoriceVittoria@mail.ru
Dione,Erlandson,DioneErlandson,2tdgu8u0iii,2024-05-07,DioneErlandson@mail.ru
Jessy,Holtz,JessyHoltz,5t1g9fh56j,2024-07-02,JessyHoltz@mail.ru
Bee,Love,BeeLove,tihmi11zb7,2024-05-31,BeeLove@mail.ru
Tabbatha,Viddah,TabbathaViddah,c36hr538ht,2024-06-17,TabbathaViddah@mail.ru
Evaleen,Colp,EvaleenColp,2n4btajq78,2024-07-18,EvaleenColp@mail.ru
Edyth,Fancie,EdythFancie,gn39idj10v,2024-05-19,EdythFancie@mail.ru
Dorene,Yate,DoreneYate,1be1hzln38,2024-07-05,DoreneYate@mail.ru
Hallie,Aida,HallieAida,uh0eamox3w,2024-05-04,HallieAida@mail.ru
Frances,Thar,FrancesThar,8ia4q21ffeg,2024-07-01,FrancesThar@mail.ru
Merle,Bivins,MerleBivins,w6kf4w65nri,2024-07-09,MerleBivins@mail.ru
Drucie,Braun,DrucieBraun,hjgmt8g1g1,2024-06-14,DrucieBraun@mail.ru
Emma,Yuille,EmmaYuille,evby6u5b6j,2024-07-16,EmmaYuille@mail.ru
Xylina,Sawtelle,XylinaSawtelle,uyznoeru7o,2024-05-09,XylinaSawtelle@mail.ru
Lusa,Evangelia,LusaEvangelia,hnjl868hxp,2024-05-09,LusaEvangelia@mail.ru
Barbara,Toffic,BarbaraToffic,1iwai7qo5o,2024-06-24,BarbaraToffic@mail.ru
Jessamyn,Magnolia,JessamynMagnolia,z2l1cl9tlf,2024-06-18,JessamynMagnolia@mail.ru
Gertrud,Adore,GertrudAdore,nga2ifg28m,2024-06-20,GertrudAdore@mail.ru
Gabi,Lucienne,GabiLucienne,m4yohu1tou,2024-07-02,GabiLucienne@mail.ru
Lacie,Bettine,LacieBettine,iytl8sk62x,2024-05-13,LacieBettine@mail.ru
Marinna,Westphal,MarinnaWestphal,l7pv75h3iol,2024-05-30,MarinnaWestphal@mail.ru
Cam,Yuille,CamYuille,sgw4jhkbqs,2024-05-07,CamYuille@mail.ru
Meg,Kinnard,MegKinnard,ldbq4hi60t,2024-07-15,MegKinnard@mail.ru
Devina,Cottle,DevinaCottle,bag1wvgzwa,2024-06-19,DevinaCottle@mail.ru
Daphne,Ahab,DaphneAhab,ixhk0djh2v,2024-07-02,DaphneAhab@mail.ru
Kaja,Afton,KajaAfton,iatjecsfvc,2024-06-03,KajaAfton@mail.ru
Belva,Tacye,BelvaTacye,nrxkitmf0i,2024-06-21,BelvaTacye@mail.ru
Katuscha,Berl,KatuschaBerl,6f8gfhyq3uk,2024-05-08,KatuschaBerl@mail.ru
Maisey,Lenny,MaiseyLenny,88umkqxjnx,2024-07-17,MaiseyLenny@mail.ru
Valera,Stav,ValeraStav,priyo3pg77h,2024-05-02,ValeraStav@mail.ru
Yetty,Amand,YettyAmand,5u4x5gn541k,2024-07-05,YettyAmand@mail.ru
Phylis,Read,PhylisRead,ebcw0u3kom,2024-05-15,PhylisRead@mail.ru
Dorthy,Klotz,DorthyKlotz,y3n5x10e3h,2024-05-28,DorthyKlotz@mail.ru
Millie,Valoniah,MillieValoniah,wflzg905q3,2024-06-14,MillieValoniah@mail.ru
Aeriela,Melan,AerielaMelan,sa4s9nxhpq,2024-05-22,AerielaMelan@mail.ru
Natka,Brenn,NatkaBrenn,19zmlc9d73f,2024-06-30,NatkaBrenn@mail.ru
Nyssa,Dom,NyssaDom,bikwf3diqs,2024-06-09,NyssaDom@mail.ru
Latisha,Andrel,LatishaAndrel,uo8a4yp9ha,2024-06-16,LatishaAndrel@mail.ru
Kristina,Jorgan,KristinaJorgan,ewih86ngu4f,2024-07-12,KristinaJorgan@mail.ru
Ottilie,Yuille,OttilieYuille,gtjx42i5xm,2024-05-21,OttilieYuille@mail.ru
Estell,Wittie,EstellWittie,007sbtbvcz,2024-07-16,EstellWittie@mail.ru
Ada,Caitlin,AdaCaitlin,lx9st932n9,2024-05-16,AdaCaitlin@mail.ru
Ethel,Merriott,EthelMerriott,zpo4eszfnrh,2024-07-06,EthelMerriott@mail.ru
Modestia,Wenda,ModestiaWenda,pwj99s7rk1i,2024-06-11,ModestiaWenda@mail.ru
Audrie,Francyne,AudrieFrancyne,wrpacjnvcp,2024-05-02,AudrieFrancyne@mail.ru
Allyce,Luhe,AllyceLuhe,54mn5a8kir,2024-06-15,AllyceLuhe@mail.ru
Annecorinne,Pyle,AnnecorinnePyle,a471m6h5p8g,2024-07-03,AnnecorinnePyle@mail.ru
Maud,Hewitt,MaudHewitt,8s1z20j214,2024-05-05,MaudHewitt@mail.ru
Aaren,Anyah,AarenAnyah,8k7nfwd1ll,2024-06-22,AarenAnyah@mail.ru
Shell,Felizio,ShellFelizio,3weya4onrv,2024-05-31,ShellFelizio@mail.ru
Nicoli,Delacourt,NicoliDelacourt,7doju0vx3c,2024-06-03,NicoliDelacourt@mail.ru
Nollie,Bakerman,NollieBakerman,s8f382z0npj,2024-06-20,NollieBakerman@mail.ru
Malina,Genna,MalinaGenna,pd9br9vptx,2024-07-16,MalinaGenna@mail.ru
Basia,Stefa,BasiaStefa,jcynh8a7fy,2024-07-09,BasiaStefa@mail.ru
Leia,Naashom,LeiaNaashom,x9juzek4qe,2024-05-18,LeiaNaashom@mail.ru
Jeanna,Luhe,JeannaLuhe,ks04bczm7ti,2024-06-27,JeannaLuhe@mail.ru
Dode,Lutero,DodeLutero,r7owxtzonl,2024-05-15,DodeLutero@mail.ru
Aigneis,Edmund,AigneisEdmund,306nc97acr,2024-05-27,AigneisEdmund@mail.ru
Feliza,Dermott,FelizaDermott,mz30yq8ln1g,2024-06-04,FelizaDermott@mail.ru
Gwenneth,McAdams,GwennethMcAdams,nbvc6ewmu2,2024-06-23,GwennethMcAdams@mail.ru
Jenilee,Birdella,JenileeBirdella,l245r16hlp,2024-06-08,JenileeBirdella@mail.ru
Bettine,Scammon,BettineScammon,anzaidzjpw,2024-07-11,BettineScammon@mail.ru
Molli,Heisel,MolliHeisel,jjxv27nstm,2024-06-17,MolliHeisel@mail.ru
Ermengarde,Emerson,ErmengardeEmerson,17euu6q87v,2024-06-22,ErmengardeEmerson@mail.ru
Norine,Blake,NorineBlake,8u25upcd3o,2024-06-12,NorineBlake@mail.ru
Philis,Vastah,PhilisVastah,famq5w2vbo,2024-07-14,PhilisVastah@mail.ru
Hildegaard,O'Rourke,HildegaardO'Rourke,d2olrz63md,2024-05-20,HildegaardO'Rourke@mail.ru
Bernie,Ethban,BernieEthban,650iv5tmksh,2024-06-01,BernieEthban@mail.ru
Ursulina,Merna,UrsulinaMerna,074u7jd08o,2024-05-22,UrsulinaMerna@mail.ru
Halette,Leffen,HaletteLeffen,wiz03ec4d6,2024-05-14,HaletteLeffen@mail.ru
Wendi,Thunell,WendiThunell,ke24zdquqh,2024-06-17,WendiThunell@mail.ru
Kellen,Kazimir,KellenKazimir,mykr3782sa,2024-06-17,KellenKazimir@mail.ru
Marline,Kathie,MarlineKathie,qvj27wljt7,2024-05-02,MarlineKathie@mail.ru
Ninnetta,Papageno,NinnettaPapageno,1pg5qmm7qj,2024-05-15,NinnettaPapageno@mail.ru
Merrie,Schroth,MerrieSchroth,addci14b49i,2024-05-16,MerrieSchroth@mail.ru
Eadie,Dorothy,EadieDorothy,mqfqi46sz,2024-05-19,EadieDorothy@mail.ru
Sonni,Norrie,SonniNorrie,mqxgecd5t7,2024-06-23,SonniNorrie@mail.ru
Madeleine,Tybald,MadeleineTybald,1xmq0wjh1kj,2024-07-09,MadeleineTybald@mail.ru
Wynne,Estella,WynneEstella,4dacthvyq4,2024-07-09,WynneEstella@mail.ru
Donetta,Revkah,DonettaRevkah,x1yuoc46yg,2024-06-07,DonettaRevkah@mail.ru
Dulce,Ehrman,DulceEhrman,01rkhrsc84,2024-07-06,DulceEhrman@mail.ru
Jacquetta,Cohdwell,JacquettaCohdwell,bcnizcv0cx,2024-05-27,JacquettaCohdwell@mail.ru
Norine,Radu,NorineRadu,evl7r8nq4zf,2024-07-15,NorineRadu@mail.ru
Antonietta,Warthman,AntoniettaWarthman,dth5sxgqb6,2024-06-26,AntoniettaWarthman@mail.ru
Babita,Santoro,BabitaSantoro,jr5t8y2gqm,2024-07-01,BabitaSantoro@mail.ru
Cacilie,Gemini,CacilieGemini,9xalrt6uabj,2024-06-18,CacilieGemini@mail.ru
Britni,Bach,BritniBach,e5phzkyr16,2024-07-08,BritniBach@mail.ru
Beatriz,Alfons,BeatrizAlfons,76jx25x8kih,2024-06-16,BeatrizAlfons@mail.ru
Nananne,Berriman,NananneBerriman,w41welzgqrl,2024-05-13,NananneBerriman@mail.ru
Frieda,Levey,FriedaLevey,6pijqb16kt,2024-05-11,FriedaLevey@mail.ru
Lucy,Alfons,LucyAlfons,ppyt9xbl8k,2024-05-31,LucyAlfons@mail.ru
Meg,Munn,MegMunn,bygy8epws9,2024-07-19,MegMunn@mail.ru
Moyna,Bigner,MoynaBigner,v1zu8nrcn1,2024-07-13,MoynaBigner@mail.ru
Shell,Kosey,ShellKosey,kbwp81c6vt,2024-07-11,ShellKosey@mail.ru
Bibby,Gibbeon,BibbyGibbeon,u4a49w9ru7,2024-05-25,BibbyGibbeon@mail.ru
Kirstin,Corrine,KirstinCorrine,px3uqzj98c,2024-06-13,KirstinCorrine@mail.ru
Dania,Konyn,DaniaKonyn,xfd8w7mzsn,2024-05-07,DaniaKonyn@mail.ru
Brianna,Alva,BriannaAlva,2w5mj4i298,2024-06-08,BriannaAlva@mail.ru
Aubrie,Swigart,AubrieSwigart,3cw5edm00h,2024-06-18,AubrieSwigart@mail.ru
Clary,Yuille,ClaryYuille,2saga7at5kg,2024-06-10,ClaryYuille@mail.ru
Gwyneth,Kirbee,GwynethKirbee,m97w5u3ha4,2024-07-10,GwynethKirbee@mail.ru
Fanchon,Uund,FanchonUund,tns4bwg6we,2024-06-20,FanchonUund@mail.ru
Zondra,Cordi,ZondraCordi,fv94jmn45h,2024-07-10,ZondraCordi@mail.ru
Gusty,Ochs,GustyOchs,n5pqdn0gu8,2024-06-12,GustyOchs@mail.ru
Ebonee,Allys,EboneeAllys,kyi108k6t5,2024-05-19,EboneeAllys@mail.ru
Gwenneth,Warthman,GwennethWarthman,s7ri70hgui,2024-05-12,GwennethWarthman@mail.ru
Teriann,Isidore,TeriannIsidore,s8fs0boeex,2024-07-18,TeriannIsidore@mail.ru
Sashenka,Fulmer,SashenkaFulmer,vpq9gqr7xc,2024-06-01,SashenkaFulmer@mail.ru
Vinita,Ackerley,VinitaAckerley,g47zcy0pty,2024-05-29,VinitaAckerley@mail.ru
Jan,Tengdin,JanTengdin,c0u2jyqqvc,2024-07-18,JanTengdin@mail.ru
Silvana,Poll,SilvanaPoll,59r4jmq26a,2024-06-08,SilvanaPoll@mail.ru
Roxane,Barbey,RoxaneBarbey,twdl9tolkth,2024-05-23,RoxaneBarbey@mail.ru
Kamilah,Roarke,KamilahRoarke,sftevb2oy4,2024-06-20,KamilahRoarke@mail.ru
Dominga,Madaih,DomingaMadaih,eja11m5rlll,2024-05-17,DomingaMadaih@mail.ru
Annora,Trace,AnnoraTrace,snrd0d4w0q,2024-06-03,AnnoraTrace@mail.ru
Ardys,Yam,ArdysYam,iyfjm733vm,2024-05-07,ArdysYam@mail.ru
Sallie,Dosia,SallieDosia,vrvue9v7utg,2024-05-09,SallieDosia@mail.ru
Sheree,O'Carroll,ShereeO'Carroll,w1xvlyvrnw,2024-05-09,ShereeO'Carroll@mail.ru
Fidelia,Ader,FideliaAder,t6h672g34y,2024-06-21,FideliaAder@mail.ru
Carmencita,Mike,CarmencitaMike,4i8js6avyrg,2024-06-23,CarmencitaMike@mail.ru
Camile,Morgun,CamileMorgun,456frpg3t1,2024-05-18,CamileMorgun@mail.ru
Tamqrah,Kat,TamqrahKat,mie5k1kx3u,2024-05-18,TamqrahKat@mail.ru
Ingrid,Wind,IngridWind,2fm6a0y35rf,2024-07-10,IngridWind@mail.ru
Tami,Kunin,TamiKunin,coktpxkkzj,2024-06-09,TamiKunin@mail.ru
Dennie,Stelle,DennieStelle,6frsxjzq4j,2024-05-24,DennieStelle@mail.ru
Corina,Mott,CorinaMott,mc297pcjr9f,2024-05-16,CorinaMott@mail.ru
Brooks,Cosenza,BrooksCosenza,p6sikhkhuz,2024-07-14,BrooksCosenza@mail.ru
Rhoda,Cecile,RhodaCecile,8dcujsqa2l,2024-05-16,RhodaCecile@mail.ru
Julieta,Duwalt,JulietaDuwalt,8vmvqu0d6j,2024-07-11,JulietaDuwalt@mail.ru
Danny,Leopold,DannyLeopold,ucom807n4uk,2024-05-24,DannyLeopold@mail.ru
Marnia,Bearnard,MarniaBearnard,1tjw7c9jgu,2024-07-15,MarniaBearnard@mail.ru
Allis,Uund,AllisUund,1yzkci6dqz,2024-05-03,AllisUund@mail.ru
Kristina,Scammon,KristinaScammon,ufe636pg46,2024-06-16,KristinaScammon@mail.ru
Ermengarde,Hepsibah,ErmengardeHepsibah,wydxjp9wrh,2024-05-28,ErmengardeHepsibah@mail.ru
Imojean,Emmaline,ImojeanEmmaline,nmft7v74jw,2024-06-02,ImojeanEmmaline@mail.ru
Lory,Fontana,LoryFontana,8wcghzbyplk,2024-05-31,LoryFontana@mail.ru
Feliza,Bahr,FelizaBahr,c2u6690y3i,2024-06-14,FelizaBahr@mail.ru
Carly,Knowling,CarlyKnowling,ry2wx4etgh,2024-06-30,CarlyKnowling@mail.ru
Selma,Persse,SelmaPersse,d6n2v92yji,2024-06-29,SelmaPersse@mail.ru
Heddie,Kamaria,HeddieKamaria,mhltm032uo,2024-05-05,HeddieKamaria@mail.ru
Emma,Fiann,EmmaFiann,9z1u500ban,2024-06-16,EmmaFiann@mail.ru
Blinni,Wind,BlinniWind,nt0u766glzh,2024-05-07,BlinniWind@mail.ru
Melodie,Lalitta,MelodieLalitta,96y1vastkh,2024-05-30,MelodieLalitta@mail.ru
Amara,Sadowski,AmaraSadowski,un2i84455u,2024-05-18,AmaraSadowski@mail.ru
Aurelie,Sherrie,AurelieSherrie,pn640a8rqbj,2024-06-14,AurelieSherrie@mail.ru
Alie,McGrody,AlieMcGrody,ir93r26yh5,2024-06-27,AlieMcGrody@mail.ru
Cristabel,Dorothy,CristabelDorothy,mb16uhgss5,2024-07-18,CristabelDorothy@mail.ru
Dede,Donoghue,DedeDonoghue,8jvjrexxpt,2024-06-21,DedeDonoghue@mail.ru
Winifred,Hieronymus,WinifredHieronymus,z0drgo2ax9,2024-05-16,WinifredHieronymus@mail.ru
Xylina,Nicoline,XylinaNicoline,6icgol22nt,2024-05-14,XylinaNicoline@mail.ru
Marjie,Urania,MarjieUrania,nos0p6bbpd,2024-06-19,MarjieUrania@mail.ru
Katleen,Bandeen,KatleenBandeen,z7mwmiwd09,2024-06-11,KatleenBandeen@mail.ru
Dacia,Socha,DaciaSocha,vfk5kznlpbi,2024-06-28,DaciaSocha@mail.ru
Leanna,Hermes,LeannaHermes,9wk49cd6vi,2024-06-08,LeannaHermes@mail.ru
Gerianna,Keelia,GeriannaKeelia,349ye2nsd4,2024-07-03,GeriannaKeelia@mail.ru
Felice,Sasnett,FeliceSasnett,mvdkka1fy6,2024-06-09,FeliceSasnett@mail.ru
Darci,Obed,DarciObed,o4iw46ivig,2024-06-30,DarciObed@mail.ru
Karly,Sigfrid,KarlySigfrid,n4krd6p2e8,2024-07-18,KarlySigfrid@mail.ru
Netty,Docilla,NettyDocilla,2z18bmui1,2024-06-09,NettyDocilla@mail.ru
Lindie,Gahl,LindieGahl,ybwjieg3el,2024-06-01,LindieGahl@mail.ru
Emylee,Natica,EmyleeNatica,2lf2kbzw8il,2024-06-25,EmyleeNatica@mail.ru
Aimil,Bennie,AimilBennie,zf8vw63at1,2024-07-03,AimilBennie@mail.ru
Celene,Kaja,CeleneKaja,nixy88bo49g,2024-07-18,CeleneKaja@mail.ru
Lynnea,Sadowski,LynneaSadowski,jqk6fohi5l,2024-06-25,LynneaSadowski@mail.ru
Fanny,Ramona,FannyRamona,ysdm9s9lvf,2024-05-08,FannyRamona@mail.ru
Shaine,Ezar,ShaineEzar,63vf2osd5t,2024-05-01,ShaineEzar@mail.ru
Emelina,Olnee,EmelinaOlnee,z10z1b87pd,2024-06-11,EmelinaOlnee@mail.ru
Lenna,Edmund,LennaEdmund,udf43utw9a,2024-06-14,LennaEdmund@mail.ru
Gabriellia,Lacombe,GabrielliaLacombe,xszvqla8vt,2024-05-31,GabrielliaLacombe@mail.ru
Maye,Geffner,MayeGeffner,mxj0ivb63l,2024-07-08,MayeGeffner@mail.ru
Christian,Dichy,ChristianDichy,j99zuaqkk1k,2024-07-19,ChristianDichy@mail.ru
Codie,Shields,CodieShields,2xmundne8rk,2024-07-20,CodieShields@mail.ru
Sherrie,Dom,SherrieDom,37uanei18af,2024-06-25,SherrieDom@mail.ru
Nita,Uird,NitaUird,jxp29j5wqh,2024-06-03,NitaUird@mail.ru
Jillayne,Toni,JillayneToni,9p4eud5j1uj,2024-05-17,JillayneToni@mail.ru
Gratia,Schenck,GratiaSchenck,b6xczks9t5,2024-06-11,GratiaSchenck@mail.ru
Ileana,Goth,IleanaGoth,u4485yu2pp,2024-07-14,IleanaGoth@mail.ru
Henriette,Vary,HenrietteVary,df9hexjqbs,2024-06-29,HenrietteVary@mail.ru
Tera,Roscoe,TeraRoscoe,q1rb1jhvva,2024-05-04,TeraRoscoe@mail.ru
Coral,Tannie,CoralTannie,nd84s8wqhh,2024-07-17,CoralTannie@mail.ru
Kellen,Verger,KellenVerger,v5mrsu76q5f,2024-05-23,KellenVerger@mail.ru
Kate,Marijo,KateMarijo,v63arsuxpy,2024-06-21,KateMarijo@mail.ru
Odessa,Brunell,OdessaBrunell,e54kilt7pm,2024-07-03,OdessaBrunell@mail.ru
Lulita,Helfand,LulitaHelfand,l904ofdyeh,2024-06-29,LulitaHelfand@mail.ru
Sara-Ann,Cristi,Sara-AnnCristi,fhublzdsmsj,2024-06-20,Sara-AnnCristi@mail.ru
Millie,Shields,MillieShields,t6m0f7sjm5,2024-06-11,MillieShields@mail.ru
Constance,Zaslow,ConstanceZaslow,l0jqt1ffoxj,2024-07-08,ConstanceZaslow@mail.ru
Shandie,Millda,ShandieMillda,oxsl91hs4ri,2024-06-14,ShandieMillda@mail.ru
Paola,Kronfeld,PaolaKronfeld,cj9jqw7why,2024-05-23,PaolaKronfeld@mail.ru
Tina,Leffen,TinaLeffen,j2fiwo2hqr,2024-06-28,TinaLeffen@mail.ru
Mariele,Brotherson,MarieleBrotherson,eutu18cxco,2024-05-02,MarieleBrotherson@mail.ru
Rori,Kirbee,RoriKirbee,kyw41wghpq,2024-05-06,RoriKirbee@mail.ru
Glenda,Dosia,GlendaDosia,1kr18zayguf,2024-05-16,GlendaDosia@mail.ru
Violet,Esmaria,VioletEsmaria,nozes3li8f,2024-05-12,VioletEsmaria@mail.ru
Marcy,Donell,MarcyDonell,72fobqlre2g,2024-05-01,MarcyDonell@mail.ru
Peri,Hylan,PeriHylan,xm2piba7i6,2024-05-08,PeriHylan@mail.ru
Gusella,Olin,GusellaOlin,xmc19vdw82,2024-05-12,GusellaOlin@mail.ru
Georgina,Helve,GeorginaHelve,z4nf5q8h1c,2024-06-08,GeorginaHelve@mail.ru
Fernande,Hoban,FernandeHoban,7ggyyaklzmh,2024-07-01,FernandeHoban@mail.ru
Queenie,Graig,QueenieGraig,ux5k2q4k2c,2024-05-20,QueenieGraig@mail.ru
Mariele,Parsaye,MarieleParsaye,97tr6i1gq9,2024-05-24,MarieleParsaye@mail.ru
Christy,Earlie,ChristyEarlie,135ilt8zqw,2024-06-18,ChristyEarlie@mail.ru
Asia,Gordon,AsiaGordon,dyl906f1b,2024-07-18,AsiaGordon@mail.ru
Chere,Pascia,CherePascia,xy084n8gzej,2024-05-18,CherePascia@mail.ru
Lucy,Roche,LucyRoche,5hccaspyrx,2024-07-09,LucyRoche@mail.ru
Correy,Berard,CorreyBerard,buw18q2xmal,2024-06-19,CorreyBerard@mail.ru
Teddie,Si,TeddieSi,gk3r2x60bx,2024-05-09,TeddieSi@mail.ru
Tatiania,Shanley,TatianiaShanley,u6nwuurvhg,2024-05-20,TatianiaShanley@mail.ru
Hettie,Keelia,HettieKeelia,8x9xlx3ceb,2024-05-24,HettieKeelia@mail.ru
Kenna,Francene,KennaFrancene,z277jap6mw,2024-05-08,KennaFrancene@mail.ru
Britte,Melony,BritteMelony,1zyv0a762x,2024-06-20,BritteMelony@mail.ru
Violet,Brenn,VioletBrenn,frtsw37v1y,2024-05-03,VioletBrenn@mail.ru
Sue,Hunfredo,SueHunfredo,h3c3ktm3xp,2024-06-12,SueHunfredo@mail.ru
Sue,Doig,SueDoig,q81jupsqfg,2024-05-07,SueDoig@mail.ru
Danika,Barrus,DanikaBarrus,n82ubz5y8g,2024-06-29,DanikaBarrus@mail.ru
Maud,Haldas,MaudHaldas,axqfqol25u,2024-05-12,MaudHaldas@mail.ru
Livvyy,Plato,LivvyyPlato,5onb1yt8e5h,2024-05-01,LivvyyPlato@mail.ru
Evaleen,Stevy,EvaleenStevy,vw1ovpn87k,2024-06-10,EvaleenStevy@mail.ru
Barbara,Alva,BarbaraAlva,thwb7glv9wg,2024-07-07,BarbaraAlva@mail.ru
Linzy,Dosia,LinzyDosia,ttxom29ws8,2024-06-17,LinzyDosia@mail.ru
Kassey,Peonir,KasseyPeonir,2dy353yehoj,2024-05-12,KasseyPeonir@mail.ru